classification,BUY,SELL
Extreme Fear,0.0625,0.5250431778929189
Extreme Greed,0.31125827814569534,0.6547979797979798
Fear,0.33844258929793347,0.43005181347150256
Greed,0.2968374329572776,0.5632965165675446
Neutral,0.3264705882352941,0.5938940092165899
